<?xml version="1.0" encoding="UTF-8" ?>
<!DOCTYPE mapper PUBLIC "-//mybatis.org//DTD Mapper 3.0//EN"
        "http://mybatis.org/dtd/mybatis-3-mapper.dtd">

<mapper namespace="attendMapper">

<!-- 입실 정보 삽입 -->
    <insert id="insertInTime" parameterType="userCheck" >
        INSERT INTO user_check (seq, id, inTime)
        VALUES(user_check_seq.NEXTVAL, #{id}, SYSDATE)
    </insert>

<!--  오늘 날짜에만 퇴실정보 업데이트  -->
    <update id="updateCheckOut" parameterType="userCheck">
        UPDATE user_check
        SET outTime = SYSDATE
        WHERE (TO_DATE(inTime, 'YYYY-MM-DD') - TO_DATE(SYSDATE, 'YYYY-MM-DD')) = 0 
        AND id=#{id}
    </update>


<!-- 관리자 기능 !-->
<!-- 오늘 날짜 입실시간 조회 -->
    <select id="selectInTime" parameterType="String" resultType="userCheck">
        SELECT A.id, inTime
        FROM user_check B INNER JOIN users A
        ON A.id = B.id
        WHERE B.id IS NOT NULL 
        AND (TO_DATE(inTime, 'YYYY-MM-DD') - TO_DATE(SYSDATE, 'YYYY-MM-DD')) = 0  
        AND A.id=#{id}
    </select>

<!-- 오늘 날짜 퇴실시간 조회 -->
    <select id="selectOutTime" parameterType="String" resultType="userCheck">
        SELECT A.id, outTime
        FROM user_check B
        INNER JOIN users A
        ON A.id = B.id
        WHERE B.id IS NOT NULL 
        AND (TO_DATE(outTime, 'YYYY-MM-DD') - TO_DATE(SYSDATE, 'YYYY-MM-DD')) = 0 
        AND A.id=#{id}
    </select>


<!-- 오늘날짜 출석한 사람들 조회 !-->
    <select id="selectTodayList"  resultType="userCheck">
        SELECT id, inTime, outTime
        FROM user_check
        WHERE (TO_DATE(outTime, 'YYYY-MM-DD') - TO_DATE(SYSDATE, 'YYYY-MM-DD')) = 0
    </select>

<!-- 전체날짜 출석 리스트 조회 !-->
    <select id="selectAllDayList"  resultType="userCheck">
        SELECT id, inTime, outTime
        FROM user_check
        ORDER BY inTime
    </select>

<!--  전체 user 출결 현황 조회   -->
    <select id="selectUserList"  resultType="user">
        SELECT id, name, attendance, late, earlyLeave, absence
        FROM users
        WHERE role='user'

    </select>

</mapper>