<?xml version="1.0" encoding="UTF-8"?>
<!DOCTYPE mapper PUBLIC "-//mybatis.org//DTD Mapper 3.0//EN" "http://mybatis.org/dtd/mybatis-3-mapper.dtd">

<!-- User와 관련된 sql 명령어들을 저장하는 파일 -->
<!-- sql-map-config.xml에 클래스 전체 경로를 "user"로 alias 설정했음 -->

<mapper namespace="userMapper">

	<select id="login" resultType="user">
		SELECT * FROM users WHERE id=#{id} AND pwd=#{pwd}
	</select>
	
	<insert id="insertUser" parameterType="user">
		INSERT INTO users(id, pwd, name, jumin)
		VALUES(#{id}, #{pwd}, #{name}, #{jumin})
	</insert>
	
	<update id="updateUser" parameterType="user">
		UPDATE users
		SET id=#{id}, pwd=#{pwd}
		WHERE id=#{id, jdbcType=VARCHAR}
	</update>
	
	<delete id="deleteUser" parameterType="user">
		DELETE FROM users WHERE id=#{id, jdbcType=VARCHAR}
	</delete>
	
	<select id="getUserInfo" parameterType="user" resultType="user">
		SELECT attendance, late, earlyLeave, absence
		FROM users
		WHERE id = #{id, jdbcType=VARCHAR}
	</select>
	
	<!-- 사용자의 최근 입실시간 조회 -->
	<select id="getLatestEntry" resultType="userCheck">
		SELECT inTime
		FROM user_check
		WHERE id = #{id, jdbcType=VARCHAR}		
		ORDER BY inTime DESC
	</select>
	
	<!-- 사용자의 최근 퇴실시간 조회 -->
	<select id="getLatestOut" resultType="userCheck">
		SELECT outTime
		FROM user_check
		WHERE id = #{id, jdbcType=VARCHAR}		
		ORDER BY outTime DESC	
	</select>
<!--  -->	
	<sql id="selectFromUser">
        SELECT id, pwd, name, jumin, regDate
        FROM users
    </sql>

    <select id="selectUser" parameterType="String" resultType="user">
        <include refid="selectFromUser"/>
        WHERE id = #{id}
    </select>

    <select id="selectAdmin" parameterType="String" resultType="user">
        SELECT id, pwd, name, role
        FROM users
        WHERE id = #{id} AND role = 'admin'
    </select>
	
	<!-- 모든 사용자 조회 -->
	<select id="selectAllUser" resultType="user">
        SELECT id, pwd, name, attendance, late, earlyLeave, absence
        FROM users
        WHERE role = 'user'
    </select>


<!-- 출결관련 -->
    <update id="updateAttendance" parameterType="String">
        update users
        set attendance = attendance+1
        where id = #{id}
    </update>

    <update id="updateLate" parameterType="String">
        update users
        set late = late+1
        where id = #{id}
    </update>

    <update id="updateEarlyLeave" parameterType="String">
        update users
        set earlyLeave = earlyLeave+1
        where id = #{id}
    </update>

<!--   오늘 날짜 inTime 데이터가 없는 user에 결석+1    !-->
    <update id="updateAbsence" parameterType="String">
        UPDATE users
        SET absence = absence+1
        WHERE id NOT IN (SELECT id 
        				FROM (SELECT A.id, B.inTime
             				FROM users A left outer join user_check B
             				ON A.id = B.id
             				WHERE B.inTime > TO_DATE(SYSDATE, 'YYYY-MM-DD') 
             				AND A.id IN (SELECT A.id
             							FROM user_check B inner join users A
             							ON A.id = B.id
             							WHERE B.id IS NOT NULL 
             							AND (TO_DATE(inTime, 'YYYY-MM-DD') - TO_DATE(SYSDATE, 'YYYY-MM-DD')) = 0
             							)
             			) tmp
        )
    </update>
</mapper>











