<?xml version="1.0" encoding="UTF-8"?>
<beans xmlns="http://www.springframework.org/schema/beans"
	xmlns:xsi="http://www.w3.org/2001/XMLSchema-instance"
	xmlns:context="http://www.springframework.org/schema/context"
	xmlns:aop="http://www.springframework.org/schema/aop"
	xsi:schemaLocation="http://www.springframework.org/schema/beans http://www.springframework.org/schema/beans/spring-beans.xsd
		http://www.springframework.org/schema/context http://www.springframework.org/schema/context/spring-context-4.3.xsd
		http://www.springframework.org/schema/aop http://www.springframework.org/schema/aop/spring-aop-4.3.xsd">

	<context:component-scan base-package="com.ezen.biz"></context:component-scan>
	
	<bean id="log" class="com.ezen.biz.board.common.Log4jAdvice"></bean>
	
	<aop:config>
		<aop:pointcut id="allPointCut" expression="execution(* com.ezen.biz..*Impl.*(..))"/>
		<aop:pointcut id="getPointCut" expression="execution(* com.ezen.biz..*Impl.get*(..))"></aop:pointcut>
								  <!-- expression="적용할 곳" -->
		<!-- 
		<aop:aspect ref="log">
			<aop:before pointcut-ref="allPointCut" method="printLogging"/>
								       		  
		</aop:aspect>
		 -->
		<aop:aspect ref="log">
			<aop:before pointcut-ref="getPointCut" method="printLogging"/>
											  <!-- method="호출할 실제 매서드" -->						       		  
		</aop:aspect>	 
	</aop:config>
	
	<!-- 세터로 DI할 경우 -->
	<!-- 
	<bean id="userService" class="com.ezen.biz.user.UserServiceImpl">
		<property name="userDAO" ref="userDAO"/>
	</bean>
	<bean id="userDAO" class="com.ezen.biz.user.dao.UserDAO"></bean>
	-->
</beans>
