<?xml version="1.0" encoding="UTF-8"?>
<beans xmlns="http://www.springframework.org/schema/beans"
	xmlns:xsi="http://www.w3.org/2001/XMLSchema-instance"
	xmlns:p="http://www.springframework.org/schema/p" 
	xsi:schemaLocation="http://www.springframework.org/schema/beans http://www.springframework.org/schema/beans/spring-beans.xsd">
	<!-- xmlns:p="http://www.springframework.org/schema/p"
		 ==> p네임스페이스 사용시 추가해야할 항목 -->

	<!-- 참조형은 ref, xml에서 생성된 bean속성 사용 가능 -->
	<!-- 기본형은 value -->

	<!-- 생성자를 이용한 의존성 주입 -->
	<!-- 생성자 주입시 어떤 변수인지 따로 언급이 없으면 우선은 순서대로, 혹은 index로 지정 가능 -->
	<!-- 
	<bean id="tv" class="com.ezen.biz.SamsungTV">
		<constructor-arg index="0" ref="jbl"></constructor-arg> 
		<constructor-arg index="1" value="100000"></constructor-arg> 
	</bean>
	-->
	
	<!-- setter를 이용한 의존성 주입 -->
	<!-- 
	<bean id="tv" class="com.ezen.biz.SamsungTV">
		<property name="speaker" ref="jbl"></property>
		<property name="price" value="100000000"></property>
	</bean>
	 -->
	 
	 <!-- setter를 p네임스페이스로 더 간단하게 사용 -->
	 <!-- 
	<bean id="tv" class="tv_speaker.SamsungTV" p:speaker-ref="bose" p:price="999999"></bean>
	
	<bean id="bose" class="tv_speaker.BoseSpeaker"></bean>
	<bean id="jbl" class="tv_speaker.JBLSpeaker"></bean>
	 -->
	
	<!-- 컬렉션 멤버에 의존성 주입 -->
	<bean id="collectionBean" class="collection_inject.CollectionBean">
		
		<!-- String타입의 list컬렉션의 경우 -->
		<property name="addressList">
			<list>
				<value>서울시 강남구 역삼동</value>
				<value>서울시 관악구 신림동</value>
			</list>
		</property>		
		
		<!-- 사용자 참조타입의 list컬렉션은 만든 클래스가 있고, 그걸 아래 bean속성에 저장 후 리스트에서 참조해 사용하는 방식의 단계를 더 거쳐야 함 -->
		<property name="bookList">
			<list>
				<ref bean="book1"></ref>
				<ref bean="book2"></ref>
			</list>
		</property>
		
		<!-- set컬렉션의 경우 -->
		<property name="movieList">
			<set value-type="java.lang.String">
				<value>기생충</value>
				<value>광해</value>
				<value>올드보이</value>
				<value>살인사건</value>
			</set>
		</property>
		
		<!-- map컬렉션의 경우 -->
		<property name="prefList">
			<map>
				<entry>
					<key><value>국어</value></key>
					<value>90</value>				
				</entry>
				<entry>
					<key><value>수학</value></key>
					<value>80</value>				
				</entry>
			</map>
		</property>
		
		<!-- property의 경우 -->
		<property name="propList">
			<props>
				<prop key="id">hong</prop>
				<prop key="pwd">1234</prop>
			</props>
		</property>
		
	</bean>
	
	<bean id="book1" class="collection_inject.Book" p:title="삼체" p:author="류츠신" p:price="19900"></bean>
	<bean id="book2" class="collection_inject.Book" p:title="숨" p:author="테드창" p:price="22000"></bean>
		
</beans>
