<?xml version="1.0" encoding="UTF-8"?>
<!DOCTYPE mapper PUBLIC "-//mybatis.org//DTD Mapper 3.0//EN" "http://mybatis.org/dtd/mybatis-3-mapper.dtd">

<!-- User와 관련된 sql 명령어들을 저장하는 파일 -->
<!-- sql-map-config.xml에 클래스 전체 경로를 "user"로 alias 설정했음 -->

<mapper namespace="userMapper">
	<select id="login" resultType="user">
		SELECT * FROM userTable WHERE id=#{id} AND pwd=#{pwd}
	</select>
	<insert id="insertUser" parameterType="user">
		INSERT INTO userTable(seq, id, pwd, name, jumin)
		VALUES(userTable_seq, #{id}, #{pwd}, #{name}, #{jumin})
	</insert>
	<update id="updateUser" parameterType="user">
		UPDATE userTable
		SET id=#{id}, pwd=#{pwd}
		WHERE seq=#{seq}
	</update>
	<delete id="deleteUser" parameterType="user">
		DELETE FROM userTable WHERE seq=#{seq}
	</delete>
</mapper>











