<?xml version="1.0" encoding="UTF-8"?>
<!DOCTYPE configuration
  PUBLIC "-//mybatis.org//DTD Config 3.0//EN"
  "http://mybatis.org/dtd/mybatis-3-config.dtd">
 
 <!-- 
 	 DB 연결을 위한 datasource와 DB 작업 시 사용할 객체와 sql매핑 등을 지정
  -->
  
<configuration>
	<!-- xml 설정에서 사용할 프로퍼티를 선언하거나 외부 프로퍼티 파일츨 참조할 시 -->
	<properties resource="database.properties"/>
	
	<!-- sql mapper에서 사용할 클래스들의 별칭 선언 -->
	<typeAliases>
		<typeAlias type="com.ezen.biz.dto.BoardVO" alias="board"/>
	</typeAliases>
	
	<environments default="development">
		<environment id="development">
			<transactionManager type="JDBC"/>
			<dataSource type="POOLED"> <!-- 특정 DBMS로의 연결을 획득, DB연동을 처리하기 위해 필요 -->
				<property name="driver" value="${jdbc.driver}"/>
				<property name="url" value="${jdbc.url}"/>
				<property name="username" value="${jdbc.username}"/>
				<property name="password" value="${jdbc.password}"/>
			</dataSource>
		</environment>
	</environments>
	
	<!-- sql 명령어들이 저장된 sql 파일 등록 (여러 파일 등록 가능) -->
	<mappers>
		<mapper resource="mappings/board-mapping.xml"/>
	</mappers>
		
</configuration>









