<?xml version="1.0" encoding="UTF-8"?>
<!DOCTYPE mapper PUBLIC "-//mybatis.org//DTD Mapper 3.0//EN" "http://mybatis.org/dtd/mybatis-3-mapper.dtd">

<!-- Board와 관련된 sql 명령어들을 저장하는 파일 -->
<!-- sql-map-config.xml에 클래스 전체 경로를 "board"로 alias 설정했음 -->
<mapper namespace="boardMapper">
	<!-- 게시판 조회 -->
	<select id="getBoardList" resultType="board">
		SELECT * 
		  FROM board 
	  ORDER BY seq DESC
	</select>
	
	<!-- 게시글 조회 -->
	<select id="getBoard" resultType="board">
		SELECT * FROM board WHERE seq=#{seq}
	</select>
	
	<!-- 게시글 작성 -->
	<insert id="insertBoard" parameterType="board">
		INSERT INTO board(seq, title, writer, content)
		VALUES (board_seq.NEXTVAL, title=#{title}, writer=#{writer}, content=#{content})
	</insert>
	
	<!-- 게시글 수정 -->
	<update id="updateBoard" parameterType="board">
		UPDATE board SET(title=#{title}, content=#{content}) 
		 WHERE seq=#{seq}
	</update>	
	
	<!-- 게시글 삭제 -->
	<delete id="deleteBoard" parameterType="board">
		DELETE FROM board WHERE seq=#{seq}
	</delete>
</mapper>







