<?xml version="1.0" encoding="UTF-8"?>
<beans xmlns="http://www.springframework.org/schema/beans"
	xmlns:xsi="http://www.w3.org/2001/XMLSchema-instance"
	xmlns:context="http://www.springframework.org/schema/context"
	xmlns:aop="http://www.springframework.org/schema/aop"
	xsi:schemaLocation="http://www.springframework.org/schema/beans http://www.springframework.org/schema/beans/spring-beans.xsd
		http://www.springframework.org/schema/context http://www.springframework.org/schema/context/spring-context-4.3.xsd
		http://www.springframework.org/schema/aop http://www.springframework.org/schema/aop/spring-aop-4.3.xsd">

	<context:component-scan base-package="com.ezen.biz"></context:component-scan>
	
	<!-- AOP 어노테이션 자동인식 -->
	<aop:aspectj-autoproxy></aop:aspectj-autoproxy>
	
	<!-- 오라클 DataSource 설정 -->
	<!-- DBCP 사용 설정 -->
	<context:property-placeholder location="classpath:config/database.properties"/>
	
	<bean id="dataSource" class="org.apache.commons.dbcp.BasicDataSource" destroy-method="close">
		<property name="driverClassName" value="${jdbc.driver}"/>
		<property name="url" value= "${jdbc.url}" />
		<property name="username" value="${jdbc.username}" />
		<property name="password" value="“${jdbc.password}" />
	</bean>
	
	<!-- Spring JDBC Template 객체 등록 -->
	<bean id="JdbcTemplate" class="org.springframework.jdbc.core.JdbcTemplate">
		<property name="dataSource" ref="JdbcTemplate"></property>
	</bean>
	
</beans>
