<?xml version="1.0" encoding="UTF-8"?>
<beans xmlns="http://www.springframework.org/schema/beans"
	xmlns:xsi="http://www.w3.org/2001/XMLSchema-instance"
	xmlns:context="http://www.springframework.org/schema/context"
	xmlns:aop="http://www.springframework.org/schema/aop"
	xsi:schemaLocation="http://www.springframework.org/schema/beans http://www.springframework.org/schema/beans/spring-beans.xsd
		http://www.springframework.org/schema/context http://www.springframework.org/schema/context/spring-context-4.3.xsd
		http://www.springframework.org/schema/aop http://www.springframework.org/schema/aop/spring-aop-4.3.xsd">

	<context:component-scan base-package="com.ezen.biz"></context:component-scan>
	
	<bean id="before" class="com.ezen.biz.common.AdviceCollection"></bean>
	<bean id="afterReturning" class="com.ezen.biz.common.AdviceCollection"></bean>
	<bean id="afterThrowing" class="com.ezen.biz.common.AdviceCollection"></bean>
	<bean id="after" class="com.ezen.biz.common.AdviceCollection"></bean>
	<bean id="around" class="com.ezen.biz.common.AdviceCollection"></bean>
	
	<aop:config>
		<aop:pointcut id="allPointCut" expression="execution(* com.ezen.biz..*Impl.*(..))"/>
		<aop:pointcut id="getPointCut" expression="execution(* com.ezen.biz..*Impl.get*(..))"/>
		
		<aop:aspect ref="before">
			<aop:before pointcut-ref="allPointCut" method="beforeLog"/>
		</aop:aspect>
		
		<aop:aspect ref="afterReturning">
			<aop:after-returning pointcut-ref="allPointCut" method="afterLog"/>
		</aop:aspect>
		
		<aop:aspect ref="afterThrowing">
			<aop:after-throwing pointcut-ref="allPointCut" method="exceptionLog"/>
		</aop:aspect>
		
		<aop:aspect ref="after">
			<aop:after pointcut-ref="allPointCut" method="finallyLog"/>
		</aop:aspect>
		
		<aop:aspect ref="around">
			<aop:around pointcut-ref="allPointCut" method="aroundLog"/>
		</aop:aspect>
	</aop:config>
</beans>
