<?xml version="1.0" encoding="UTF-8"?>
<!DOCTYPE mapper PUBLIC "-//mybatis.org//DTD Mapper 3.0//EN" "http://mybatis.org/dtd/mybatis-3-mapper.dtd">

<!-- Board와 관련된 sql 명령어들을 저장하는 파일 -->
<!-- sql-map-config.xml에 클래스 전체 경로를 "board"로 alias 설정했음 -->

<mapper namespace="boardMapper">
	<!-- 글 등록 -->
	<insert id="insertBoard" parameterType="board">
		<![CDATA[
		INSERT INTO board(seq, title, writer, content, fileName)
		VALUES(board_seq.NEXTVAL, #{title}, #{writer}, #{content}, #{fileName, jdbcType=VARCHAR})
		]]>
	</insert>
	
	<!-- 글 수정 -->
	<update id="updateBoard" parameterType="board">
		UPDATE board 
		SET title=#{title}, writer=#{writer}, content=#{content}, fileName=#{fileName, jdbcType=VARCHAR}
		WHERE seq=#{seq}
	</update>
	
	<!-- 글 삭제 -->
	<delete id="deleteBoard" parameterType="board">
		DELETE board WHERE seq=#{seq}
	</delete>
	
	<!-- 글 조회 -->
	<select id="getBoard" resultType="board">
		SELECT * FROM board WHERE seq=#{seq}
	</select>
	
	<!-- 게시판 조회 -->
	<select id="getBoardList" resultType="board">
		SELECT * FROM board 
		WHERE title LIKE '%'||#{searchKeyword}||'%'
		ORDER BY seq DESC
	</select>
	
	<!-- Dynamic SQL 적용 -->
	<select id="getBoardList_D" resultType="board">
		SELECT * FROM board 
		WHERE 1 = 1
		<if test="searchCondition=='TITLE'">
			AND title LIKE '%'||#{searchKeyword}||'%'
		</if>
		<if test="searchCondition=='WRITER'">
			AND writer LIKE '%'||#{searchKeyword}||'%'
		</if>
		<if test="searchCondition=='CONTENT'">
			AND content LIKE '%'||#{searchKeyword}||'%'
		</if>
		ORDER BY seq DESC
	</select>
	
	<!-- 조회수 -->
	<update id="plusReadCnt" parameterType="board">
		UPDATE board 
		SET readcnt = readcnt + 1 
		WHERE seq = #{seq}
	</update>
</mapper>











