<?xml version="1.0" encoding="UTF-8"?>
<!DOCTYPE mapper PUBLIC "-//mybatis.org//DTD Mapper 3.0//EN" "http://mybatis.org/dtd/mybatis-3-mapper.dtd">

<!-- User와 관련된 sql 명령어들을 저장하는 파일 -->
<!-- sql-map-config.xml에 클래스 전체 경로를 "user"로 alias 설정했음 -->

<mapper namespace="userMapper">
	<!-- 로그인 -->
	<select id="login" resultType="user">
		SELECT * FROM users WHERE id=#{id} AND pwd=#{pwd}
	</select>
	
	<!-- 회원가입 -->
	<insert id="join" parameterType="user">
		INSERT INTO users(id, pwd, name, jumin)
		VALUES(#{id}, #{pwd}, #{name}, #{jumin})
	</insert>
	
	<!-- 회원정보 수정 -->
	<update id="updateUser" parameterType="user">
		UPDATE users
		SET id=#{id}, pwd=#{pwd}
		WHERE name=#{name, jdbcType=VARCHAR}
	</update>
	
	<!-- 회원탈퇴 -->
	<delete id="deleteUser" parameterType="user">
		DELETE FROM users WHERE id=#{id, jdbcType=VARCHAR}
	</delete>
	
	<!-- 회원출결정보 조회 -->
	<select id="getUserInfo" resultType="user">
		SELECT id, attendance, late, earlyLeave, absence
		FROM users
		WHERE id = #{id, jdbcType=VARCHAR}
	</select>

</mapper>











