<?xml version="1.0" encoding="UTF-8"?>
<!DOCTYPE mapper PUBLIC "-//mybatis.org//DTD Mapper 3.0//EN" "http://mybatis.org/dtd/mybatis-3-mapper.dtd">

<!-- User_Check와 관련된 sql 명령어들을 저장하는 파일 -->
<!-- sql-map-config.xml에 클래스 전체 경로를 "user_check"로 alias 설정했음 -->

<mapper namespace="user-checkMapper">
	<!-- 입실등록 -->
	<insert id="setInTime" parameterType="user_check">
		INSERT INTO user_check(seq, id, inTime)
		VALUES(user_check_seq.NEXTVAL, #{id, jdbcType=VARCHAR}, SYSDATE)
	</insert>
	
	<!-- 입실 업데이트 -->
	<update id="updateInTime" parameterType="user_check">
	    UPDATE user_check
           SET inTime = SYSDATE
         WHERE id=#{id, jdbcType=VARCHAR};
	</update>
	
	<!-- 퇴실등록 -->
	<insert id="setOutTime" parameterType="user_check">
		INSERT INTO user_check(seq, id, outTime)
		VALUES(user_check_seq.NEXTVAL, #{id, jdbcType=VARCHAR}, SYSDATE)
	</insert>
	
	<!-- 입실 업데이트 -->
	<update id="updateOutTime" parameterType="user_check">
	    UPDATE user_check
           SET outTime = SYSDATE
         WHERE id=#{id, jdbcType=VARCHAR};
	</update>
	
	<!-- 최근 입실시간 조회 -->
	<select id="getLatestInTime" resultType="user_check">
		SELECT *
		FROM (SELECT id, inTime
			  FROM user_check
			  WHERE id = #{id, jdbcType=VARCHAR}
		   	  ORDER BY seq DESC)
		WHERE ROWNUM = 1		
	</select>	
	
	<!-- 최근 퇴실시간 조회 -->
	<select id="getLatestOutTime" resultType="user_check">
		SELECT *
		FROM (SELECT id, outTime
			  FROM user_check
			  WHERE id = #{id, jdbcType=VARCHAR}
		   	  ORDER BY seq DESC)
		WHERE ROWNUM = 1		
	</select>
</mapper>











