<?xml version="1.0" encoding="UTF-8"?>
<beans xmlns="http://www.springframework.org/schema/beans"
	xmlns:xsi="http://www.w3.org/2001/XMLSchema-instance"
	xmlns:p="http://www.springframework.org/schema/p" 
	xsi:schemaLocation="http://www.springframework.org/schema/beans http://www.springframework.org/schema/beans/spring-beans.xsd">
	<!-- xmlns:p="http://www.springframework.org/schema/p"
		 ==> p네임스페이스 사용시 추가해야할 항목 -->

	<!-- constructor_injection -->
	<bean id="player" class="constructor_injection.Player">
		<constructor-arg ref="gun"></constructor-arg>
	</bean>	
	<bean id="gun" class="constructor_injection.Gun"></bean>
	<bean id="knife" class="constructor_injection.Knife"></bean>
	<bean id="spike" class="constructor_injection.Spike"></bean>
	
	<!-- setter p:_injection -->
	<bean id="manager" class="setter_p_injection.ColorManager" p:color-ref="blue"></bean>
	<bean id="blue" class="setter_p_injection.BlueColor"></bean>
	
</beans>
