<?xml version="1.0" encoding="UTF-8"?>
<!DOCTYPE mapper PUBLIC "-//mybatis.org//DTD Mapper 3.0//EN" "http://mybatis.org/dtd/mybatis-3-mapper.dtd">

<!-- 
	Board와 관련된 sql 명령어들을 저장하는 파일
-->

<mapper namespace="boardMapper">
	<insert id="insertBoard" parameterType="com.ezen.biz.dto.BoardVO">
		INSERT INTO board(seq, title, writer, content)
		VALUES(board_seq.NEXTVAL, #{title}, #{writer}, #{content})
	</insert>
	<update id="updateBoard" parameterType="com.ezen.biz.dto.BoardVO">
		UPDATE board
		SET title=#{title}, content=#{content}
		WHERE seq = #{seq}
	</update>
	<delete id="deleteBoard" parameterType="com.ezen.biz.dto.BoardVO">
		DELETE FROM board WHERE seq = #{seq}
	</delete>
	<select id="getBoard" resultType="com.ezen.biz.dto.BoardVO">
		SELECT * FROM board WHERE seq = #{seq}
	</select>
	<select id="getBoardList" resultType="com.ezen.biz.dto.BoardVO">
		SELECT * FROM board
		WHERE title like '%'||#{searchKeyword}||'%'
		ORDER BY seq DESC
	</select>
</mapper>











