<?xml version="1.0" encoding="UTF-8"?>
<beans xmlns="http://www.springframework.org/schema/beans"
	xmlns:xsi="http://www.w3.org/2001/XMLSchema-instance"
	xsi:schemaLocation="http://www.springframework.org/schema/beans http://www.springframework.org/schema/beans/spring-beans.xsd">

	<!-- ViewResolver 등록 - spring에 내장된 클래스 사용 -->
	<bean id="viewResolver" class="org.springframework.web.servlet.view.InternalResourceViewResolver">
		<property name="prefix" value="/WEB-INF/board/"></property>
		<property name="suffix" value=".jsp"></property>
	</bean>

	<!-- HandlerMapping 등록 - spring에 내장된 클래스 사용 -->
	<bean class="org.springframework.web.servlet.handler.SimpleUrlHandlerMapping">
		<property name="mappings">
			<props>
				<prop key="/loginView.do">loginView</prop>
				<prop key="/login.do">login</prop> <!-- key와 value 관계 -->
				<prop key="/getBoardList.do">getBoardList</prop> <!-- key와 value 관계 -->
				<prop key="/getBoard.do">getBoard</prop> <!-- key와 value 관계 -->
				<prop key="/insertBoard.do">insertBoard</prop> <!-- key와 value 관계 -->
				<prop key="/updateBoard.do">updateBoard</prop> <!-- key와 value 관계 -->
				<prop key="/deleteBoard.do">deleteBoard</prop> <!-- key와 value 관계 -->
				<prop key="/logout.do">logout</prop> <!-- key와 value 관계 -->
			</props>
		</property>
	</bean>
	
	<!-- Controller 등록 -->
	<bean id="loginView" class="com.ezen.biz.view.controller.LoginViewController"></bean>
	<bean id="login" class="com.ezen.biz.view.controller.LoginController"></bean>
	<bean id="getBoardList" class="com.ezen.biz.view.controller.GetBoardListController"></bean>
	<bean id="getBoard" class="com.ezen.biz.view.controller.GetBoardController"></bean>
	<bean id="insertBoard" class="com.ezen.biz.view.controller.InsertBoardController"></bean>
	<bean id="updateBoard" class="com.ezen.biz.view.controller.UpdateBoardController"></bean>
	<bean id="deleteBoard" class="com.ezen.biz.view.controller.DeleteBoardController"></bean>
	<bean id="logout" class="com.ezen.biz.view.controller.LogoutController"></bean>
	
</beans>
