<?xml version="1.0" encoding="UTF-8"?>
<!DOCTYPE mapper PUBLIC "-//mybatis.org//DTD Mapper 3.0//EN" "http://mybatis.org/dtd/mybatis-3-mapper.dtd">

<!-- Board와 관련된 sql 명령어들을 저장하는 파일 -->
<!-- sql-map-config.xml에 클래스 전체 경로를 "board"로 alias 설정했음 -->

<mapper namespace="boardMapper">
	<insert id="insertBoard" parameterType="board"> 
		INSERT INTO board(seq, title, writer, content)
		VALUES(board_seq.NEXTVAL, #{title}, #{writer}, #{content})
	</insert>
	<update id="updateBoard" parameterType="board">
		UPDATE board
		SET title=#{title}, content=#{content}
		WHERE seq=#{seq}
	</update>
	<delete id="deleteBoard" parameterType="board">
		DELETE FROM board WHERE seq=#{seq}
	</delete>
	<select id="getBoard" resultType="board">
		SELECT * FROM board WHERE seq=#{seq}
	</select>
	
	<!-- Dynamic SQL 적용 후 -->
	<select id="getBoardList" resultType="board">
		SELECT * FROM board
		WHERE 1 = 1
		<if test="searchCondition=='title'">
			AND	title LIKE '%'||#{searchKeyword}||'%'
		</if>
		<if test="searchCondition=='content'">
			AND	content LIKE '%'||#{searchKeyword}||'%'
		</if>
		ORDER BY seq DESC
	</select>
	
	
	
	<!-- << Dynamic SQL 적용 전 >> 
	<select id="getBoardList_T" resultType="board">
		SELECT * FROM board
		WHERE title LIKE '%'||#{searchKeyword}||'%'
		ORDER BY seq DESC
	</select>
	<select id="getBoardList_C" resultType="board">
		SELECT * FROM board
		WHERE content LIKE '%'||#{searchKeyword}||'%'
		ORDER BY seq DESC
	</select>
	-->
</mapper>











