<?xml version="1.0" encoding="UTF-8"?>
<beans xmlns="http://www.springframework.org/schema/beans"
	xmlns:xsi="http://www.w3.org/2001/XMLSchema-instance"
	xmlns:context="http://www.springframework.org/schema/context"
	xmlns:mvc="http://www.springframework.org/schema/mvc"
	xsi:schemaLocation="http://www.springframework.org/schema/mvc http://www.springframework.org/schema/mvc/spring-mvc-4.3.xsd
		http://www.springframework.org/schema/beans http://www.springframework.org/schema/beans/spring-beans.xsd
		http://www.springframework.org/schema/context http://www.springframework.org/schema/context/spring-context-4.3.xsd">

	<!-- presentation-layer.xml은 프론트 계층 -->
	
	<!-- @Component이하의 어노테이션을 읽는 설정 : Namespaces에서 context 체크 -->
	<context:component-scan base-package="com.ezen.view"></context:component-scan>
	
	<!-- @ExceptionHandler 어노테이션을 사용할 수 있는 설정 -->
	<!-- JSON, HttpMessageConverter를 구현한 모든 변환기 생성 -->
	<mvc:annotation-driven></mvc:annotation-driven>
	
	<!-- 파일 업로드 설정 -->
	<!-- id는 고정이므로 다른 이름 사용 X, uploadsize의 value -1은 무제한을 의미 -->
	<bean id="multipartResolver" class="org.springframework.web.multipart.commons.CommonsMultipartResolver">
		<property name="maxUploadSize" value="-1"/>	
	</bean>
		
	<!-- 예외 처리 등록 : Namespaces에서 mvc 체크 -->
	<!-- id는 고정이므로 다른 이름 사용 X, 따로 예외클래스를 만들지 않고 xml에 설정하는 방법 -->
	<bean id="exceptionResolver" class="org.springframework.web.servlet.handler.SimpleMappingExceptionResolver">
		<property name="exceptionMappings">
			<props>
				<prop key="java.lang.ArithmeticException">
					common/arithmeticError.jsp
				</prop>
				<prop key="java.lang.IllegalArgumentException">
					common/argumentError.jsp
				</prop>
				<prop key="java.lang.NullPointerException">
					common/nullPointerError.jsp
				</prop>
			</props>
		</property>
		<property name="defaultErrorView" value="common/error.jsp"></property>
	</bean>
	
	<!-- 다국어 설정 -->
	<!-- id는 고정이므로 다른 이름 사용 X, value는 Locale 변화에 따라 언어가 자동으로 선택됨 -->
	<bean id="messageSource" class="org.springframework.context.support.ResourceBundleMessageSource">
		<property name="basenames">
			<list>
				<value>message.messageSource</value>
			</list>
		</property>
	</bean>
	
	<!-- Locale 등록 -->
	<!-- id는 고정이므로 다른 이름 사용 X -->
	<bean id="localeResolver" class="org.springframework.web.servlet.i18n.SessionLocaleResolver">
		<property name="defaultLocale" value="ko"></property>
	</bean>
	
	<!-- 클라이언트에서 "lang" 파라미터로 Locale 전송 시 변경 설정 : Namespaces에서 mvc 체크 -->
	<mvc:interceptors>
		<bean class="org.springframework.web.servlet.i18n.LocaleChangeInterceptor">
			<property name="paramName" value="lang"></property>
		</bean>
	</mvc:interceptors>
	
</beans>
