<?xml version="1.0" encoding="UTF-8"?>
<beans xmlns="http://www.springframework.org/schema/beans"
	xmlns:xsi="http://www.w3.org/2001/XMLSchema-instance"
	xsi:schemaLocation="http://www.springframework.org/schema/beans http://www.springframework.org/schema/beans/spring-beans.xsd">
	
	<!--
	<bean id="tv" class="com.ezen.biz.SamsungTV">
		<constructor-arg ref="bose"></constructor-arg>
	</bean>
	-->
	
	<bean id="tv" class="com.ezen.biz.SamsungTV">
		<constructor-arg index="0" ref="bose"></constructor-arg> <!-- 참조형은 ref, xml에서 생성된 bean속성 사용 가능 -->
		<constructor-arg index="1" value="100000"></constructor-arg> <!-- 기본형은 value -->
		<!-- 생성자 주입시 어떤 변수인지 따로 언급이 없으면 우선은 순서대로, 혹은 index로 지정 가능 -->
	</bean>
	<bean id="bose" class="com.ezen.biz.BoseSpeaker"></bean>

</beans>
