<?xml version="1.0" encoding="UTF-8"?>
<!DOCTYPE configuration
  PUBLIC "-//mybatis.org//DTD Config 3.0//EN"
  "http://mybatis.org/dtd/mybatis-3-config.dtd">
 
 <!-- DB 연결을 위한 datasource와 DB 작업 시 사용할 객체와 sql매핑 등을 지정 -->
  
<configuration>
	<!-- sql mapper에서 사용할 클래스들의 별칭 선언 -->
	<typeAliases>
		<typeAlias type="com.ezen.biz.dto.UserVO" alias="user"/>
		<typeAlias type="com.ezen.biz.dto.BoardVO" alias="board"/>
		<typeAlias type="com.ezen.biz.dto.UserCheckVO" alias="userCheck"/>
	</typeAliases>
	
	<!-- sql 명령어들이 저장된 sql 파일 등록 (여러 파일 등록 가능) -->
	<mappers>
		<mapper resource="mappings/user-mapping.xml"/>
		<mapper resource="mappings/board-mapping.xml"/>
		<mapper resource="mappings/userCheck-mapping.xml"/>
		<mapper resource="mappings/attend-mapping.xml"/>
	</mappers>
		
</configuration>









